<manifest version="1.0" type="device">
    <hal format="hidl">
        <name>android.hardware.audio</name>
        <transport arch="32">passthrough</transport>
        <version>2.0</version>
        <interface>
            <name>IDevicesFactory</name>
            <instance>default</instance>
        </interface>
    </hal>
    <hal format="hidl">
        <name>android.hardware.audio.effect</name>
        <transport arch="32">passthrough</transport>
        <version>2.0</version>
        <interface>
            <name>IEffectsFactory</name>
            <instance>default</instance>
        </interface>
    </hal>
    <hal format="hidl">
        <name>android.hardware.bluetooth</name>
        <transport arch="32">passthrough</transport>
        <version>1.0</version>
        <interface>
            <name>IBluetoothHci</name>
            <instance>default</instance>
        </interface>
    </hal>
    <hal format="hidl">
        <name>android.hardware.camera.provider</name>
        <transport arch="32">passthrough</transport>
        <version>2.4</version>
        <interface>
            <name>ICameraProvider</name>
            <instance>legacy/0</instance>
        </interface>
    </hal>
    <hal format="hidl">
        <name>android.hardware.configstore</name>
        <transport>hwbinder</transport>
        <version>1.0</version>
        <interface>
            <name>ISurfaceFlingerConfigs</name>
            <instance>default</instance>
        </interface>
    </hal>
    <hal format="hidl">
        <name>android.hardware.gnss</name>
        <transport arch="32">passthrough</transport>
        <version>1.0</version>
        <interface>
            <name>IGnss</name>
            <instance>default</instance>
        </interface>
    </hal>
    <hal format="hidl">
        <name>android.hardware.graphics.allocator</name>
        <transport arch="32">passthrough</transport>
        <version>2.0</version>
        <interface>
            <name>IAllocator</name>
            <instance>default</instance>
        </interface>
    </hal>
    <hal format="hidl">
        <name>android.hardware.graphics.composer</name>
        <transport arch="32">passthrough</transport>
        <impl level="generic"></impl>
        <version>2.1</version>
        <interface>
            <name>IComposer</name>
            <instance>default</instance>
        </interface>
    </hal>
    <hal format="hidl">
        <name>android.hardware.graphics.mapper</name>
        <transport arch="32">passthrough</transport>
        <version>2.0</version>
        <interface>
            <name>IMapper</name>
            <instance>default</instance>
        </interface>
    </hal>
    <hal format="hidl">
        <name>android.hardware.keymaster</name>
        <transport arch="32">passthrough</transport>
        <version>3.0</version>
        <interface>
            <name>IKeymasterDevice</name>
            <instance>default</instance>
        </interface>
    </hal>
    <hal format="hidl">
        <name>android.hardware.light</name>
        <transport>hwbinder</transport>
        <version>2.0</version>
        <interface>
            <name>ILight</name>
            <instance>default</instance>
        </interface>
    </hal>
    <hal format="hidl">
        <name>android.hardware.memtrack</name>
        <transport arch="32">passthrough</transport>
        <version>1.0</version>
        <interface>
            <name>IMemtrack</name>
            <instance>default</instance>
        </interface>
    </hal>
    <hal format="hidl">
        <name>android.hardware.power</name>
        <transport arch="32">passthrough</transport>
        <version>1.0</version>
        <interface>
            <name>IPower</name>
            <instance>default</instance>
        </interface>
    </hal>
    <hal format="hidl">
        <name>android.hardware.radio</name>
        <transport>hwbinder</transport>
        <version>1.1</version>
        <interface>
            <name>IRadio</name>
            <instance>slot1</instance>
            <instance>slot2</instance>
        </interface>
        <interface>
            <name>ISap</name>
            <instance>slot1</instance>
            <instance>slot2</instance>
        </interface>
    </hal>
    <hal format="hidl">
        <name>android.hardware.radio.deprecated</name>
        <transport>hwbinder</transport>
        <version>1.0</version>
        <interface>
            <name>IOemHook</name>
            <instance>slot1</instance>
            <instance>slot2</instance>
        </interface>
    </hal>
    <hal format="hidl">
        <name>android.hardware.renderscript</name>
        <transport arch="32">passthrough</transport>
        <version>1.0</version>
        <interface>
            <name>IDevice</name>
            <instance>default</instance>
        </interface>
    </hal>
    <hal format="hidl">
        <name>android.hardware.vibrator</name>
        <transport arch="32">passthrough</transport>
        <version>1.0</version>
        <interface>
            <name>IVibrator</name>
            <instance>default</instance>
        </interface>
    </hal>
    <hal format="hidl">
        <name>android.hardware.wifi</name>
        <transport>hwbinder</transport>
        <version>1.0</version>
        <interface>
            <name>IWifi</name>
            <instance>default</instance>
        </interface>
    </hal>
    <hal format="hidl">
        <name>android.hardware.wifi.supplicant</name>
        <transport>hwbinder</transport>
        <version>1.0</version>
        <interface>
            <name>ISupplicant</name>
            <instance>default</instance>
        </interface>
    </hal>
</manifest>
